<!-- Generate JWT TOken -->
<GenerateJWT async="false" continueOnError="false" enabled="true" xmlns="http://www.sap.com/apimgmt">
    <Algorithm>HS256</Algorithm>
    <IgnoreUnresolvedVariables>false</IgnoreUnresolvedVariables>
    <SecretKey>
    		<Value ref="private.key"/>
    </SecretKey>
    <ExpiresIn>1h</ExpiresIn>
    <Subject>Sandbox JWT Token</Subject>
    <Issuer>urn://Man in Black</Issuer>
    <Audience>dummy</Audience>
    <Id/>
    <AdditionalClaims>
    		<Claim name="additional-claim-name" type="string">additional-claim-value-goes-here</Claim>
    </AdditionalClaims>
    <OutputVariable>jwt-variable</OutputVariable>
</GenerateJWT>
