<!-- This policy can be used to create or modify the standard HTTP request and response messages -->
<AssignMessage async="false" continueOnError="false" enabled="true" xmlns='http://www.sap.com/apimgmt'>
	<!-- Sets a new value to the existing parameter -->
    <AssignVariable>
      <Name>private.key</Name>
      <Ref>verifyapikey.CheckAPIKey.client_secret</Ref>
    </AssignVariable>
	<IgnoreUnresolvedVariables>false</IgnoreUnresolvedVariables>
	<AssignTo createNew="false" type="request"/>
</AssignMessage>